{
    "metas": [
        {
            "title": "小伙到第二页了"
        }, 
        {
            "hasMore": "true"
        }
    ], 
    "items": [
        {
            "name": "home_market", 
            "version": "", 
            "url": "", 
            "height": ""
        }, 
        {
            "name": "home_market", 
            "version": "", 
            "url": "", 
            "height": ""
        }, 
        {
            "name": "home_market", 
            "version": "", 
            "url": "", 
            "height": ""
        }, 
        {
            "name": "home_market", 
            "version": "", 
            "url": "", 
            "height": ""
        }, 
        {
            "name": "home_market", 
            "version": "", 
            "url": "", 
            "height": ""
        }, 
        {
            "name": "home_market", 
            "version": "", 
            "url": "", 
            "height": ""
        }, 
        {
            "name": "home_market", 
            "version": "", 
            "url": "", 
            "height": ""
        }, 
        {
            "name": "home_market", 
            "version": "", 
            "url": "", 
            "height": ""
        }, 
        {
            "name": "home_market", 
            "version": "", 
            "url": "", 
            "height": ""
        }, 
        {
            "name": "home_market", 
            "version": "", 
            "url": "", 
            "height": ""
        }
    ]
}